{"XKqDMAK0zoMhDUIyFmMunQ==":"5cb8b133b8342c1b45130629-1136x852.png","fGufSWY9i5hGnz/NGrjgcg==":"5cb8b133b8342c1b45130629-1-1136x852.png","2Qk8bhxv4GJjrqXDGGubUQ==":"shutterstock-123971164-1500x1520.jpg","Ai10D2rTTdGetWYVFEV6GQ==":"smart-looking-teacher_53876-23045-626x417.jpg","oEuUyfazS+zZES/Zr7heMA==":"18421438-smart-man-with-glasses-looking-up-1300x947.jpg","BqgbWRJYQIN5ZkRHSDGn9g==":"is-360x360.png","SOM6jUCja18o6/6Y+zXCSg==":"5cb8b133b8342c1b45130629-2-1136x852.png","Ct3cYBB6eMlmSSlXHr77ng==":"shutterstock-123971165-1500x1520.jpg","1b+fWa2TFuYIqjiZHlwB+A==":"smart-looking-teacher_53876-23046-626x417.jpg","VE9RZ7cn7Tkkdrf8ipkIrQ==":"shutterstock-123971166-1500x1520.jpg","WKOQUdMg/QmPtnP0KvYOoA==":"5cb8b133b8342c1b45130629-3-1136x852.png","6eDL742U4jvr2h394c7+Gg==":"570088-cyb6c-1564173728-5d3b65a003ae0-1200x630.jpg","2VLXAkoWPdfimH9gvxtBoQ==":"570088-cyb6c-1564173728-5d3b65a003ae0-1-1200x630.jpg","Obxf3j/YZl5YWHND2MY6EQ==":"web-design-and-development-1200x875.png","1yfxVr9Ru7sNPexalXvnsw==":"web-design-and-development-1-1200x875.png","DUap7eDnG25gUIUfm+YQvA==":"570088-cyb6c-1564173728-5d3b65a003ae0-2-1200x630.jpg"}